Actual,Predicted_RandomForest
165000,152500.83333333334
250000,354600.0
120000,131253.33333333334
450000,433312.5
730000,570747.9865357144
155000,250559.91
530000,518900.0
92800,99131.96
284000,462769.69
260000,337370.0
511000,603087.9066666666
1800000,918039.96
320000,346110.0
90000,114130.0
850000,1815300.0
500000,507266.6666666666
624000,676129.93
750000,1639400.0
125000,100687.53730158729
675000,658549.99
500000,609753.6456666667
1500000,2658950.0
200000,301863.15142857144
700000,1009310.891111111
175000,234424.88095238098
630000,599253.3333333333
750000,696565.5
210000,225600.0
500000,467299.99999999994
650000,749983.3333333333
250000,204978.6011111111
290000,413602.94
450000,437019.98
750000,839049.96
550000,540400.0
160000,224889.42857142858
650000,949500.0
655000,445350.28914862906
135000,115464.41226984128
360000,437339.94649999996
625000,537493.3333333333
360000,359950.0
600000,894036.1119285715
300000,362760.0
140000,156470.71428571426
75000,202210.8333333333
280000,289987.49
700000,523049.95
580000,752250.8333333333
200000,409864.2857142857
110000,149909.99
470000,195733.33508333334
760000,760000.0
200000,181989.99
400000,614369.96
390000,732350.0
370000,633667.3709523809
175000,221799.95
280000,281298.91
490000,395642.1128571428
229999,190850.0
285000,454350.0
1900000,1972599.99
655000,566404.4022619048
550000,406209.0
260000,267729.1225
760000,760000.0
199000,185970.0
100000,101850.0
300000,463415.95238095237
1050000,1812500.0
650000,507660.17149517144
95000,114686.7261904762
750000,678924.1366666666
250000,557949.96
680000,631211.1262857143
350000,570099.98
600000,600000.0
390000,784559.59
701000,613530.5455555555
700000,560561.9047619047
110000,136404.96
165000,153100.0
425000,439770.57666666666
65000,86320.0
290000,372650.0
800000,570099.98
200000,124432.46875
540000,543260.0
60000,75390.0
100000,182758.24869574874
300000,350720.0
200000,182085.5
140000,214574.96
600000,256370.83333333328
200000,184244.3333333333
4800000,4549000.0
57000,127024.20523809522
95000,118591.0
509999,512649.99
700000,582525.0
535000,535000.0
229999,279799.25
320000,347991.64833333326
275000,111849.88
650000,678660.0
539000,697110.676984127
150000,300187.83214285714
300000,271145.81333333335
300000,564999.99
210000,231605.0
239000,239000.0
1490000,2352250.0
625000,625000.0
640000,574083.3333333334
200000,367349.49
240000,192570.0
250000,254802.48
1800000,899183.5985714286
409999,556650.0
611000,875545.0
235000,210896.6666666667
350000,305568.29583333334
800000,850103.1983982685
1200000,1047200.0
43000,70760.0
120000,153236.66666666666
650000,395499.95
40000,116550.0
370000,313740.0
750000,750000.0
675000,1961858.3083333329
400000,421199.99
60000,73720.0
550000,550000.0
2800000,2384850.0
250000,744826.95
300000,529220.0
500000,584667.9975714285
600000,668636.24
625000,625000.0
165000,194879.00761904762
270000,279502.5
550000,489310.0
390000,732350.0
75000,104532.91666666669
409999,410061.36
170000,271240.0
421000,562950.0
450000,440889.7
585000,658445.998
88000,193973.3333333333
720000,949500.0
300000,303420.8233333333
325000,375624.99999999994
500000,366213.62611111114
530000,525910.0
215000,193593.45
650000,648916.6666666667
315000,491252.9548571429
1000000,974881.1904761906
325000,537493.3333333333
660000,366043.3133333334
95000,107205.0
500000,508099.96
260000,210641.65666666668
399000,442843.3223809525
325000,324343.3333333333
250000,292849.7
150000,122433.33333333331
110000,73366.0
350000,379343.33333333326
120000,121883.80952380951
250000,267883.32833333337
180000,252858.0
260000,283243.3333333334
484999,682106.6466666666
250000,216423.3333333333
190000,209164.76883333336
495000,532550.0
400000,262000.0
1400000,1216712.4975
1150000,1080477.8571428573
380000,490566.6666666666
20000,64353.33333333333
300000,264831.49216666666
175000,185388.159452381
650000,806244.9591666666
145000,144350.0
1300000,1300000.0
350000,339219.1166666667
575000,500490.6282539682
550000,765958.3258333333
400000,386011.5911111111
225000,220600.0
150000,204041.65666666668
210000,489443.3133333333
229999,229999.0
1549000,2287340.0
500000,473679.5761904762
1140000,894283.3333333333
500000,357110.0
350000,585216.6666666666
225000,250075.0
180000,258656.6666666667
700000,545794.1666666667
75000,155521.26984126985
150000,149349.90999999997
300000,421247.9872904872
940000,823004.1666666664
1475000,1169524.99
245000,290210.0
550000,497450.8062142858
265000,191247.79000000004
375000,621430.0
95000,93353.33333333331
225000,219505.758
130000,118004.91566666668
550000,550000.0
600000,314819.785
800000,680891.111111111
150000,185892.94555555555
105000,106226.66666666666
350000,319633.31333333335
150000,209443.45
150000,338199.5
1150000,850969.1266666667
425000,435891.6666666666
225000,339816.65666666673
500000,494310.0
135000,193805.59523809524
150000,140700.8333333333
425000,695319.0476190476
360000,424443.2042857143
229999,229360.0
1334000,883559.99
135000,192157.4295
150000,157964.72190476191
650000,695319.0476190476
419000,490028.2933333333
250000,190525.55555555556
210000,192450.0
263000,169030.0
600000,496788.0959318459
175000,163299.388
1000000,834179.1366666666
550000,1077428.6904761905
380000,421260.0
340000,398242.33
275000,496788.0959318459
320000,326229.98
1850000,2021726.6666666665
850000,675077.7777777776
210000,256370.83333333328
750000,750000.0
229999,229999.0
155000,159400.0
420000,320249.99
79000,66026.66666666667
200000,261759.98
600000,575050.0
325000,421850.0
550000,550000.0
120000,111120.0
190000,213454.94
260000,217360.0
500000,531371.0
280000,177151.45666666672
869999,546359.99
250000,201357.5
620000,632788.3333333334
110000,317616.6666666666
225000,271145.81333333335
210000,123832.0176031746
120000,151149.51380952384
2800000,1038449.93
825000,648181.6586666666
225000,208288.3333333333
940000,1030576.6666666665
450000,523473.3333333334
520000,520000.0
150000,149987.9661904762
470000,490950.0
310000,196560.28571428574
85000,117937.75
240000,293829.1666666667
750000,638305.8133333334
175000,288542.48
70000,155521.26984126985
75000,121883.80952380951
60000,88460.0
670000,670000.0
160000,117937.75
75000,106800.0
97000,93460.0
1250000,1040634.54
160000,272706.6666666666
260000,267729.1225
550000,550000.0
650000,717227.9104761905
2000000,1700500.0
90000,100355.0
80000,82860.0
2150000,2830190.0
120000,159851.6366666667
200000,244793.80952380953
79000,94068.33333333334
180000,193187.5
1700000,2365700.0
311000,303850.0
300000,328115.0
650000,787453.2833333334
320000,339595.39682539686
180000,177772.7180952381
330000,264448.1
140000,196850.0
350000,507414.75
400000,356954.7222222223
190000,201408.3333333333
520000,520000.0
198000,225332.52952380953
425000,399599.98
2700000,1961858.3083333329
324000,264383.9716666666
95000,119466.66666666666
78000,132111.72603174608
434999,740894.99
1150000,1132429.2748917749
665000,718599.97
650000,404119.97
770000,782450.0
250000,264378.3333333334
550000,126452.67857142858
640000,1119510.279047619
345000,364424.93
110000,94748.63095238095
175000,98448.33333333331
300000,254680.0
1100000,674358.65
370000,325975.3333333333
350000,419245.0
170000,215314.7695
375000,342149.98
150000,308831.6666666666
220000,290714.5238095238
400000,276510.0
1000000,533383.2233333334
400000,303228.5714285714
233000,194031.6666666667
470000,499621.6666666666
535000,416689.99
800000,1097000.0
950000,967544.7619047618
700000,544438.0927380952
350000,290600.0
600000,600000.0
425000,415600.0
229999,185219.98
150000,160649.9
750000,868138.0952380954
350000,355860.0
300000,180320.83333333337
400000,638692.6061904762
350000,297525.0
250000,231393.32333333336
450000,568195.8333333333
377000,312019.93
750000,717450.0
525000,665484.1536666665
650000,573650.0
225000,298749.1616666667
195000,202939.995
930000,1011895.0
295000,223819.92
725000,566975.0
320000,347991.64833333326
450000,416724.99
819999,670247.9365079365
465000,452395.0
210000,369075.0
450000,450000.0
110000,146771.37722222225
130000,165356.6
260000,255295.35714285716
500000,499486.6616666666
495000,507974.79
2500000,1403700.0
210000,218124.64285714284
575000,734557.5
1580000,1580000.0
385000,385000.0
160000,183015.83333333337
590000,655359.5238095239
700000,834179.1366666666
640000,612306.4285714285
490000,581025.0476190477
596000,759350.0
325000,330600.0
363000,191430.65666666665
800000,307669.98
300000,695704.1366666666
520000,520000.0
300000,289873.3333333334
600000,719803.3333333335
490000,510461.6666666668
625000,526780.0
80000,91400.0
350000,220836.30952380953
385000,385000.0
248000,208922.74800000002
550000,393786.6666666666
390000,393846.66666666674
325000,508113.33333333326
185000,281630.0
500000,311140.0
925000,397386.8619455267
300000,169900.0
360000,414010.0
1000000,1040634.54
800000,815716.6666666665
700000,439300.0
200000,225457.5
530000,594290.0
550000,510013.49206349207
610000,682480.5514285715
625000,829274.93
280000,424508.33333333326
163000,114686.7261904762
1470000,1838240.0
550000,724534.9833333333
195000,213288.88888888888
900000,849370.0
65000,155521.26984126985
434999,578533.2466666666
900000,846509.984
950000,647884.99
110000,140670.0
495000,520031.0
380000,588199.99
484999,471232.71333333326
85000,92258.63095238093
765000,471184.995
140000,102573.27380952379
1050000,962430.0
525000,473270.83333333326
295000,317439.97
550000,240607.43047619052
1950000,1081860.0
750000,582595.2380952381
120000,145249.98
459999,718215.0
480000,235536.53355555556
320000,528865.6944444444
280000,273199.97
300000,210399.97
175000,249687.89
450000,409749.9700000001
480000,1073669.99
370000,189131.66666666663
320000,545430.3571428572
220000,167968.37301587302
183000,658071.616984127
300000,359136.5866666667
120000,109600.0
570000,685191.353888889
495000,396996.58666666667
1050000,608659.1021428572
475000,459560.0
250000,562800.0
210000,480264.6031746033
150000,216350.0
250000,279679.88
250000,325155.0
1000000,1208999.9999999998
69000,89199.16666666669
575000,638305.8133333334
400000,303130.6333333333
399000,518770.0
229999,229999.0
250000,169450.0
240000,419669.3333333334
295000,691149.83
240000,162719.7619047619
625000,479899.98
450000,286629.5528571429
135000,100140.0
220000,165839.11666666667
925000,1221296.6566666665
135000,126390.0
300000,440399.3333333334
1400000,1057400.0
360000,608245.7833333333
1100000,616504.6626984127
450000,726058.9285714286
800000,889479.0326190476
890000,802087.5
375000,244318.29083333333
500000,643500.0
300000,479610.33333333326
450000,711025.0
75000,137370.0
75000,119218.46264285715
195000,414200.0
450000,507739.99
470000,430689.2857142857
1100000,1132429.2748917749
229999,176949.74
350000,412709.72
500000,390140.83333333326
500000,154041.22166666665
325000,333949.1166666667
300000,251300.0
229999,258656.6666666667
535000,535000.0
700000,331289.99
900000,742528.26
451000,460282.5
80000,134126.41857142857
715000,643470.7849047619
4950000,4950000.0
350000,119100.0
225000,297338.2891666666
450000,515431.40666666673
1000000,1138700.0
900000,689275.0
1000000,744826.95
600000,656143.735
550000,544438.0927380952
470000,452031.4285714285
285000,276056.07142857136
120000,141089.1091666667
600000,551950.0
180000,182510.0
227000,678924.1366666666
4000000,2208150.833333333
280000,316866.6666666667
1000000,843194.3616111109
90000,82823.33333333333
725000,1040634.54
1000000,878150.0
420000,307229.97
599000,696191.6666666665
409999,356607.61904761894
190000,239520.0
400000,121279.77
430000,396996.58666666667
120000,116550.0
180000,327118.3233333333
320000,244768.33333333328
640000,720075.0
100000,92842.5
90000,111295.0
300000,344868.0502380954
600000,600000.0
160000,179649.6392496392
300000,475250.0
170000,225407.74646825396
650000,831383.3333333335
250000,139920.0
540000,546059.1666666665
525000,534829.98
599000,587500.0
220000,288809.915
471000,265706.61666666664
240000,353969.99
100000,98900.0
480000,722966.6666666667
271000,292929.91
110000,115530.47619047621
280000,373692.96327777783
1190000,1305700.0
120000,121511.65666666668
1100000,914549.6428571428
350000,297143.76533333334
630000,703141.6265
950000,865579.1666666667
75000,90715.71428571429
150000,198593.13333333336
60000,139490.0
220000,266582.77198051946
150000,174370.0
285000,317616.6666666666
490000,532863.0
450000,382349.99999999994
250000,189029.99500000002
175000,211994.3785714286
300000,308799.85
525000,515100.0
320000,257600.0
390000,410870.0
790000,769575.0043181818
215000,457663.73
140000,144949.64
300000,271145.81333333335
175000,185388.159452381
35000,66625.71428571428
125000,102126.15666666668
600000,478736.9161904762
700000,1090337.212222222
1550000,1860600.0
415000,420939.74
550000,473112.4775
82000,375809.9700000001
55000,98664.50378571429
220000,375624.99999999994
80000,79410.0
250999,187099.98999999996
425000,408160.41666666674
625000,607864.1666666666
260000,252750.0
265000,303839.98
135000,201205.55542857142
840000,799850.0
90000,137370.0
570000,402339.94
750000,611923.4920634921
800000,1064150.0
225000,201999.63
300000,445350.28914862906
434999,408745.0
650000,488558.96
700000,787190.0
430000,673116.6666666667
2600000,2600000.0
150000,355322.1031746032
750000,917890.6547619047
75000,110233.33333333331
160000,272706.6666666666
75000,80150.0
725000,836814.99
1150000,1466800.0
400000,369746.41857142857
1260000,911817.8441666666
550000,1006493.0555555556
240000,353969.99
160000,167216.66083333333
370000,414030.0
250000,190033.32333333336
160000,189882.41809523813
68000,71260.0
480000,567364.6507936508
310000,356850.0
350000,355199.99
600000,576589.99
150000,210757.89428571428
360000,225332.52952380953
180000,237149.96
80000,80000.0
950000,833706.6666666667
250000,675077.7777777776
180000,190347.79000000004
450000,423038.3233333333
699000,699665.0
45000,129609.98
350000,325975.3333333333
249000,422314.97
810000,501550.0
135000,135496.6666666667
385000,461344.84
300000,388109.99
800000,557185.0
350000,565694.7222222222
80000,80000.0
800000,871424.995
155000,153249.99
190000,205410.0
80000,80000.0
425000,811450.0
200000,122704.04761904762
150000,151936.67
500000,465625.45897402597
280000,282572.7142857143
300000,432639.99
520000,520000.0
225000,225000.0
120000,109441.01190476191
450000,681049.99
160000,347526.66666666674
225000,281449.99
8900000,3274320.0
450000,422110.0
660000,853012.1919047618
75000,113020.0
280000,285059.99
229999,354248.37671428564
350000,362016.65666666673
511000,681266.6666666665
300000,403949.92
125000,110100.0
775000,639510.1880952381
900000,1525733.3333333335
611000,875545.0
170000,196350.0
1050000,1027634.1666666667
509999,707764.1666666667
950000,898680.0000000001
250000,149987.9661904762
1125000,1016909.99
100000,82823.33333333333
936999,584939.8233333332
380000,880204.2657142857
120000,214532.42063492062
450000,819249.7
1964999,1575850.0
147000,224701.5476190476
199000,187317.6540952381
380000,367964.6666666666
550000,585200.0
80000,75303.33333333333
650000,757475.193238095
450000,450000.0
1000000,431948.2059642857
290000,302575.0
480000,438954.95
690000,389849.99
670000,434358.56190476194
500000,523473.3333333334
100000,119682.43271428572
150000,201831.0246666667
138000,378031.65666666673
375000,301735.0
75000,95211.66666666666
430000,646422.49
1000000,489524.94
260000,351173.31333333335
80000,77400.0
500000,555546.4285714285
105000,96790.66666666669
550000,606075.3333333334
600000,450251.6666666666
140000,140866.01633333333
790000,900420.0
355000,312002.489
750000,750000.0
350000,355860.0
800000,551900.0
375000,334100.0
585000,406300.0
2349000,2743778.315
70000,192715.25777777776
450000,439966.66666666674
180000,142550.0
425000,412417.5
470000,647400.0
229999,224015.28702777773
350000,360559.88
200000,408830.81333333335
800000,557185.0
450000,409264.9799999999
690000,800349.91
1800000,960549.96
275000,234258.1493506494
110000,137646.63666666666
145000,182016.63
350000,344216.6666666666
250000,299347.98
330000,318419.98
65000,67870.0
110000,126250.0
1331000,883559.99
2750000,2545100.0
430000,392700.0
165000,196505.8333333333
860000,1039041.9047619047
120000,88999.99
1250000,1175750.0
1400000,1263466.6566666667
600000,307885.7042857143
300000,229536.23809523802
409999,317009.86
250000,84964.28571428571
300000,169900.0
350000,579419.1466666666
450000,450000.0
140000,136203.31333333332
140000,165892.06641666667
200000,301863.15142857144
1650000,1402109.5021428573
790000,795779.854952381
368000,249919.30158730154
320000,431020.0
180000,208355.0
225000,339816.66666666674
290000,302575.0
550000,518950.0
80000,82977.5
50000,121426.87
450000,285025.0
100000,189029.99500000002
315000,284391.64666666667
142000,78312.5
611000,875545.0
320000,528865.6944444444
385000,486924.1466666667
1068000,862859.48
1300000,1179717.261904762
65000,138342.91666666666
450000,618642.4299999999
51111,101530.0
250000,200670.43650793654
900000,477299.74000000005
800000,502986.15666666673
110000,155361.6666666667
925000,379290.65650000004
1000000,837794.1666666665
440000,353819.721
70000,192715.25777777776
580000,936567.0238095236
80000,94090.0
500000,321058.22905952384
750000,1096927.5
180000,223892.79714285716
711000,675950.0
1300000,1300000.0
245000,425845.8333333334
600000,353303.98809523805
950000,967069.83
550000,587255.82
612000,670030.0
785000,678646.6847380953
515000,680334.1341666665
851000,823520.0
85000,92258.63095238093
58000,189858.0
291000,331530.0
195000,120074.98
275000,215629.15666666665
1300000,1300000.0
100000,166532.41
170000,139579.92
500000,313969.98
610000,500379.99
280000,320445.67978571425
1650000,1597849.97
325000,437214.98
160000,170870.0
225000,235929.77
225000,236215.0
890000,837794.1666666665
320000,659540.0
210000,138195.82333333333
190000,421247.9872904872
60000,57710.0
175000,174786.77669552673
450000,324463.32333333336
1200000,546100.0
1700000,1554750.0
250000,241399.61
580000,422912.46
1300000,1104347.7478077477
210000,257649.95
110000,177165.0493650794
1000000,874250.0
425000,399599.98
95000,116860.0
600000,485531.0618452381
600000,558814.2857142857
150000,133080.0
2595000,1888566.6666666665
70000,89536.66666666666
2600000,2600000.0
250000,237608.31333333332
100000,98729.16666666666
130000,86725.0
350000,533375.4999999999
150000,308831.6666666666
650000,1925860.0
575000,319860.0
